<?xml version="1.0" encoding="utf-8" ?> 

<log4net>
	
	<appender name="DefaultRGFile" type="log4net.Appender.FileAppender">
    <file type="log4net.Util.PatternString" value="%envFolderPath{LocalApplicationData}\Red Gate\Logs\SQL Prompt 9\sqlpromptlog-%utcdate{yyyy_MM_dd-HH_mm_ss}.log" />
		<lockingModel type="log4net.Appender.FileAppender+MinimalLock" />
		<immediateFlush value="true" />
		<securityContext value="log4net.Util.NullSecurityContext.Instance" />
		<layout type="log4net.Layout.PatternLayout">
			<conversionPattern value="%utcdate{dd MMM yyyy HH:mm:ss,fff} [%thread] %-5level %logger - %message%newline" />
		</layout>
	</appender>

	<appender name="EventLogAppender" type="log4net.Appender.EventLogAppender" >
		<applicationName value="SQL Prompt 9" />
		<LogName value="Red Gate Software" />
		<threshold value="ERROR" />
		<layout type="log4net.Layout.PatternLayout">
			<conversionPattern value="%date [%thread] %-5level %logger [%property{NDC}] - %message%newline" />
		</layout>
	</appender>


	<!-- Supported log levels are FATAL, ERROR, WARN, INFO and DEBUG -->
	<root>
		<level value="INFO" />
		<appender-ref ref="DefaultRGFile" />
		<appender-ref ref="EventLogAppender" />
	</root>
</log4net>