<?xml version="1.0" encoding="utf-8" standalone="yes"?>
<!---->
<LayoutOptions version="1" type="LayoutOptions">
  <ReservedWordsCasing>1</ReservedWordsCasing>
  <BuiltInFunctionCasing>1</BuiltInFunctionCasing>
  <BuiltInDataTypeCasing>1</BuiltInDataTypeCasing>
  <GlobalVariableCasing>0</GlobalVariableCasing>
  <DelimitIdentifiers>False</DelimitIdentifiers>
  <IndentationAmount>4</IndentationAmount>
  <TabIndentingBehaviour>0</TabIndentingBehaviour>
  <ReformatExpressions>True</ReformatExpressions>
  <FirstColumnOnNewLine>False</FirstColumnOnNewLine>
  <CommasAtStart>False</CommasAtStart>
  <MultilineSpacesAfterCommas>False</MultilineSpacesAfterCommas>
  <MultilineSpacesBeforeCommas>True</MultilineSpacesBeforeCommas>
  <MultilineAlignCommasWithStatement>True</MultilineAlignCommasWithStatement>
  <OperatorsOnNewline>True</OperatorsOnNewline>
  <OperatorsAtStart>True</OperatorsAtStart>
  <IndentBeginToken>True</IndentBeginToken>
  <IndentWithExpressionBrackets>True</IndentWithExpressionBrackets>
  <IndentWithParameterBrackets>True</IndentWithParameterBrackets>
  <IndentWithQueryBrackets>True</IndentWithQueryBrackets>
  <CloseBracketsOnNewLine>True</CloseBracketsOnNewLine>
  <OpenBracketsOnNewLine>False</OpenBracketsOnNewLine>
  <Wrap>True</Wrap>
  <WrapWidth>78</WrapWidth>
  <ShortLength>15</ShortLength>
  <CreateBracketsAtStartOfLines>False</CreateBracketsAtStartOfLines>
  <ParameterBracketOnNewline>True</ParameterBracketOnNewline>
  <CloseParameterBracketsOnNewLine>True</CloseParameterBracketsOnNewLine>
  <CompactShortStatements>False</CompactShortStatements>
  <SinglelineSpacesAfterCommas>True</SinglelineSpacesAfterCommas>
  <SinglelineSpacesBeforeCommas>False</SinglelineSpacesBeforeCommas>
  <SpacesAroundOperators>True</SpacesAroundOperators>
  <SpacesAroundComparisons>True</SpacesAroundComparisons>
  <FirstParameterDefinitionOnNewLine>True</FirstParameterDefinitionOnNewLine>
  <SpacesAfterBrackets>True</SpacesAfterBrackets>
  <LayoutSelectStatements>True</LayoutSelectStatements>
  <LayoutCreateStatements>True</LayoutCreateStatements>
  <QueryNewlineAfterOpenBracket>False</QueryNewlineAfterOpenBracket>
  <QueryNewlineBeforeCloseBracket>True</QueryNewlineBeforeCloseBracket>
  <JoinConditionsOnNewline>False</JoinConditionsOnNewline>
  <AlignConditionsWithJoins>False</AlignConditionsWithJoins>
  <AlignJoinsWithFrom>False</AlignJoinsWithFrom>
  <AlignSelectWithInsert>False</AlignSelectWithInsert>
  <IndentByKeywordWidth>False</IndentByKeywordWidth>
  <ColumnsOnSingleLine>False</ColumnsOnSingleLine>
  <DoNotIndentProcedureContents>False</DoNotIndentProcedureContents>
  <ExecuteParametersOnSingleLine>True</ExecuteParametersOnSingleLine>
  <IndentSelectSubclauses>False</IndentSelectSubclauses>
  <UseObjectDefinitionCase>True</UseObjectDefinitionCase>
  <FormatActionLayout>True</FormatActionLayout>
  <FormatActionApplyCasing>True</FormatActionApplyCasing>
  <FormatActionInsertSemicolons>True</FormatActionInsertSemicolons>
  <FormatActionExpandWildCards>False</FormatActionExpandWildCards>
  <FormatActionQualifyObjectNames>False</FormatActionQualifyObjectNames>
  <FormatActionRemoveSquareBrackets>False</FormatActionRemoveSquareBrackets>
  <FormatActionAddRemoveAsFromTableAlias>False</FormatActionAddRemoveAsFromTableAlias>
  <FormatActionNormaliseColumnAlias>False</FormatActionNormaliseColumnAlias>
  <ColumnAliasBehaviour>0</ColumnAliasBehaviour>
</LayoutOptions>