{
  "code": 0
  ,"msg": ""
  ,"count": "100"
  ,"data":[{"aa":"数据1aa","bb":"数据1bb","cc":"数据1cc","dd":"数据1dd","ee":"数据1ee","ff":"数据1ff","gg":"数据1gg","hh":"数据1hh","ii":"数据1ii","jj":"数据1jj","kk":"数据1kk","ll":"数据1ll","mm":"数据1mm","nn":"数据1nn","oo":"数据1oo","pp":"数据1pp","qq":"数据1qq","rr":"数据1rr","ss":"数据1ss","tt":"数据1tt","uu":"数据1uu","vv":"数据1vv","ww":"数据1ww","xx":"数据1xx","yy":"数据1yy","zz":"数据1zz","id":1000,"date":"2018-01-01T00:00:00","sort":1,"number":4,"bool":1},{"aa":"数据2aa","bb":"数据2bb","cc":"数据2cc","dd":"数据2dd","ee":"数据2ee","ff":"数据2ff","gg":"数据2gg","hh":"数据2hh","ii":"数据2ii","jj":"数据2jj","kk":"数据2kk","ll":"数据2ll","mm":"数据2mm","nn":"数据2nn","oo":"数据2oo","pp":"数据2pp","qq":"数据2qq","rr":"数据2rr","ss":"数据2ss","tt":"数据2tt","uu":"数据2uu","vv":"数据2vv","ww":"数据2ww","xx":"数据2xx","yy":"数据2yy","zz":"数据2zz","id":1001,"date":"2018-01-02T00:00:00","sort":2,"number":2,"bool":0},{"aa":"数据3aa","bb":"数据3bb","cc":"数据3cc","dd":"数据3dd","ee":"数据3ee","ff":"数据3ff","gg":"数据3gg","hh":"数据3hh","ii":"数据3ii","jj":"数据3jj","kk":"数据3kk","ll":"数据3ll","mm":"数据3mm","nn":"数据3nn","oo":"数据3oo","pp":"数据3pp","qq":"数据3qq","rr":"数据3rr","ss":"数据3ss","tt":"数据3tt","uu":"数据3uu","vv":"数据3vv","ww":"数据3ww","xx":"数据3xx","yy":"数据3yy","zz":"数据3zz","id":1002,"date":"2018-01-03T00:00:00","sort":3,"number":3,"bool":0},{"aa":"数据4aa","bb":"数据4bb","cc":"数据4cc","dd":"数据4dd","ee":"数据4ee","ff":"数据4ff","gg":"数据4gg","hh":"数据4hh","ii":"数据4ii","jj":"数据4jj","kk":"数据4kk","ll":"数据4ll","mm":"数据4mm","nn":"数据4nn","oo":"数据4oo","pp":"数据4pp","qq":"数据4qq","rr":"数据4rr","ss":"数据4ss","tt":"数据4tt","uu":"数据4uu","vv":"数据4vv","ww":"数据4ww","xx":"数据4xx","yy":"数据4yy","zz":"数据4zz","id":1003,"date":"2018-01-04T00:00:00","sort":4,"number":2,"bool":1},{"aa":"数据5aa","bb":"数据5bb","cc":"数据5cc","dd":"数据5dd","ee":"数据5ee","ff":"数据5ff","gg":"数据5gg","hh":"数据5hh","ii":"数据5ii","jj":"数据5jj","kk":"数据5kk","ll":"数据5ll","mm":"数据5mm","nn":"数据5nn","oo":"数据5oo","pp":"数据5pp","qq":"数据5qq","rr":"数据5rr","ss":"数据5ss","tt":"数据5tt","uu":"数据5uu","vv":"数据5vv","ww":"数据5ww","xx":"数据5xx","yy":"数据5yy","zz":"数据5zz","id":1004,"date":"2018-01-05T00:00:00","sort":5,"number":4,"bool":0},{"aa":"数据6aa","bb":"数据6bb","cc":"数据6cc","dd":"数据6dd","ee":"数据6ee","ff":"数据6ff","gg":"数据6gg","hh":"数据6hh","ii":"数据6ii","jj":"数据6jj","kk":"数据6kk","ll":"数据6ll","mm":"数据6mm","nn":"数据6nn","oo":"数据6oo","pp":"数据6pp","qq":"数据6qq","rr":"数据6rr","ss":"数据6ss","tt":"数据6tt","uu":"数据6uu","vv":"数据6vv","ww":"数据6ww","xx":"数据6xx","yy":"数据6yy","zz":"数据6zz","id":1005,"date":"2018-01-06T00:00:00","sort":6,"number":8,"bool":1},{"aa":"数据7aa","bb":"数据7bb","cc":"数据7cc","dd":"数据7dd","ee":"数据7ee","ff":"数据7ff","gg":"数据7gg","hh":"数据7hh","ii":"数据7ii","jj":"数据7jj","kk":"数据7kk","ll":"数据7ll","mm":"数据7mm","nn":"数据7nn","oo":"数据7oo","pp":"数据7pp","qq":"数据7qq","rr":"数据7rr","ss":"数据7ss","tt":"数据7tt","uu":"数据7uu","vv":"数据7vv","ww":"数据7ww","xx":"数据7xx","yy":"数据7yy","zz":"数据7zz","id":1006,"date":"2018-01-07T00:00:00","sort":7,"number":4,"bool":1},{"aa":"数据8aa","bb":"数据8bb","cc":"数据8cc","dd":"数据8dd","ee":"数据8ee","ff":"数据8ff","gg":"数据8gg","hh":"数据8hh","ii":"数据8ii","jj":"数据8jj","kk":"数据8kk","ll":"数据8ll","mm":"数据8mm","nn":"数据8nn","oo":"数据8oo","pp":"数据8pp","qq":"数据8qq","rr":"数据8rr","ss":"数据8ss","tt":"数据8tt","uu":"数据8uu","vv":"数据8vv","ww":"数据8ww","xx":"数据8xx","yy":"数据8yy","zz":"数据8zz","id":1007,"date":"2018-01-08T00:00:00","sort":8,"number":6,"bool":0},{"aa":"数据9aa","bb":"数据9bb","cc":"数据9cc","dd":"数据9dd","ee":"数据9ee","ff":"数据9ff","gg":"数据9gg","hh":"数据9hh","ii":"数据9ii","jj":"数据9jj","kk":"数据9kk","ll":"数据9ll","mm":"数据9mm","nn":"数据9nn","oo":"数据9oo","pp":"数据9pp","qq":"数据9qq","rr":"数据9rr","ss":"数据9ss","tt":"数据9tt","uu":"数据9uu","vv":"数据9vv","ww":"数据9ww","xx":"数据9xx","yy":"数据9yy","zz":"数据9zz","id":1008,"date":"2018-01-09T00:00:00","sort":9,"number":7,"bool":1},{"aa":"数据10aa","bb":"数据10bb","cc":"数据10cc","dd":"数据10dd","ee":"数据10ee","ff":"数据10ff","gg":"数据10gg","hh":"数据10hh","ii":"数据10ii","jj":"数据10jj","kk":"数据10kk","ll":"数据10ll","mm":"数据10mm","nn":"数据10nn","oo":"数据10oo","pp":"数据10pp","qq":"数据10qq","rr":"数据10rr","ss":"数据10ss","tt":"数据10tt","uu":"数据10uu","vv":"数据10vv","ww":"数据10ww","xx":"数据10xx","yy":"数据10yy","zz":"数据10zz","id":1009,"date":"2018-01-10T00:00:00","sort":10,"number":1,"bool":0}]
}